X,Y,Z,Intensity,ReturnNumber,NumberOfReturns,ScanDirectionFlag,EdgeOfFlightLine,Classification,Synthetic,KeyPoint,Withheld,Overlap,ScanAngleRank,UserData,PointSourceId,GpsTime,Red,Green,Blue,ClusterID
572281.284,4498584.867,35.896,0.0,1.0,1.0,0.0,0.0,0.0,0.0,0.0,0.0,0.0,0.0,2.0,0.0,0.0,48640.0,14592.0,11776.0,14.0
572281.335,4498584.853,35.881,0.0,1.0,1.0,0.0,0.0,0.0,0.0,0.0,0.0,0.0,0.0,2.0,0.0,0.0,44544.0,18176.0,13312.0,14.0
572281.322,4498584.856,35.885,0.0,1.0,1.0,0.0,0.0,0.0,0.0,0.0,0.0,0.0,0.0,2.0,0.0,0.0,43776.0,17920.0,13312.0,14.0
572281.316,4498584.858,35.887,0.0,1.0,1.0,0.0,0.0,0.0,0.0,0.0,0.0,0.0,0.0,2.0,0.0,0.0,43776.0,15616.0,11520.0,14.0
572281.31,4498584.86,35.889,0.0,1.0,1.0,0.0,0.0,0.0,0.0,0.0,0.0,0.0,0.0,2.0,0.0,0.0,45312.0,15104.0,11264.0,14.0
572281.303,4498584.861,35.891,0.0,1.0,1.0,0.0,0.0,0.0,0.0,0.0,0.0,0.0,0.0,2.0,0.0,0.0,48128.0,14848.0,11776.0,14.0
572281.291,4498584.865,35.894,0.0,1.0,1.0,0.0,0.0,0.0,0.0,0.0,0.0,0.0,0.0,2.0,0.0,0.0,49152.0,13568.0,11264.0,14.0
572280.985,4498584.909,35.979,0.0,1.0,1.0,0.0,0.0,0.0,0.0,0.0,0.0,0.0,0.0,3.0,0.0,0.0,43520.0,17152.0,12544.0,14.0
572280.954,4498584.914,35.986,0.0,1.0,1.0,0.0,0.0,0.0,0.0,0.0,0.0,0.0,0.0,2.0,0.0,0.0,44288.0,16896.0,12288.0,14.0
572281.01,4498584.903,35.971,0.0,1.0,1.0,0.0,0.0,0.0,0.0,0.0,0.0,0.0,0.0,2.0,0.0,0.0,48384.0,13312.0,10240.0,14.0
572281.027,4498584.899,35.966,0.0,1.0,1.0,0.0,0.0,0.0,0.0,0.0,0.0,0.0,0.0,2.0,0.0,0.0,44288.0,17920.0,13824.0,14.0
572281.033,4498584.897,35.965,0.0,1.0,1.0,0.0,0.0,0.0,0.0,0.0,0.0,0.0,0.0,2.0,0.0,0.0,43520.0,20224.0,15360.0,14.0
572281.084,4498584.89,35.952,0.0,1.0,1.0,0.0,0.0,0.0,0.0,0.0,0.0,0.0,0.0,2.0,0.0,0.0,45824.0,15872.0,13312.0,14.0
572281.343,4498584.854,35.878,0.0,1.0,1.0,0.0,0.0,0.0,0.0,0.0,0.0,0.0,0.0,3.0,0.0,0.0,44800.0,15872.0,11520.0,14.0
572281.352,4498584.851,35.876,0.0,1.0,1.0,0.0,0.0,0.0,0.0,0.0,0.0,0.0,0.0,3.0,0.0,0.0,44544.0,13568.0,10496.0,14.0
572281.372,4498584.847,35.87,0.0,1.0,1.0,0.0,0.0,0.0,0.0,0.0,0.0,0.0,0.0,3.0,0.0,0.0,43520.0,15360.0,11008.0,14.0
572281.398,4498584.842,35.862,0.0,1.0,1.0,0.0,0.0,0.0,0.0,0.0,0.0,0.0,0.0,3.0,0.0,0.0,43776.0,19968.0,16384.0,14.0
572281.281,4498584.875,35.901,0.0,1.0,1.0,0.0,0.0,0.0,0.0,0.0,0.0,0.0,0.0,2.0,0.0,0.0,46848.0,13568.0,11520.0,14.0
572281.25,4498584.872,35.903,0.0,1.0,1.0,0.0,0.0,0.0,0.0,0.0,0.0,0.0,0.0,2.0,0.0,0.0,48640.0,14336.0,11776.0,14.0
572281.004,4498584.905,35.973,0.0,1.0,1.0,0.0,0.0,0.0,0.0,0.0,0.0,0.0,0.0,2.0,0.0,0.0,47104.0,12544.0,9216.0,14.0
